{"cameraMode":{"drawMode":0,"name":"Shaded","section":"Shading Mode"},"sceneLighting":false,"audioPlay":false,"sceneViewState":{"showFog":true,"showMaterialUpdate":false,"showSkybox":false,"showFlares":true,"showImageEffects":true,"showParticleSystems":true},"in2DMode":false,"pivot":{"x":-0.15227700769901277,"y":0.3736633360385895,"z":2.0061705112457277},"rotation":{"x":0.09364069998264313,"y":-0.5731573104858398,"z":0.06614481657743454,"w":0.8113925457000732},"size":2.410463333129883,"orthographic":false}