{"cameraMode":{"drawMode":0,"name":"Shaded","section":"Shading Mode"},"sceneLighting":false,"audioPlay":false,"sceneViewState":{"showFog":true,"showMaterialUpdate":false,"showSkybox":false,"showFlares":true,"showImageEffects":true,"showParticleSystems":true},"in2DMode":false,"pivot":{"x":-8.887518882751465,"y":1.3708208799362183,"z":-4.870167255401611},"rotation":{"x":-0.15393809974193574,"y":0.7459861636161804,"z":-0.18493036925792695,"w":-0.620978593826294},"size":1.4253249168395997,"orthographic":true}