{"cameraMode":{"drawMode":0,"name":"Shaded","section":"Shading Mode"},"sceneLighting":false,"audioPlay":false,"sceneViewState":{"showFog":true,"showMaterialUpdate":false,"showSkybox":false,"showFlares":true,"showImageEffects":true,"showParticleSystems":true},"in2DMode":false,"pivot":{"x":1.3796768188476563,"y":1.4128484725952149,"z":9.310277938842774},"rotation":{"x":0.3359837234020233,"y":0.035307034850120547,"z":-0.012610461562871933,"w":0.9411283731460571},"size":6.7897138595581059,"orthographic":false}