{"cameraMode":{"drawMode":0,"name":"Shaded","section":"Shading Mode"},"sceneLighting":false,"audioPlay":false,"sceneViewState":{"showFog":true,"showMaterialUpdate":false,"showSkybox":false,"showFlares":true,"showImageEffects":true,"showParticleSystems":true},"in2DMode":false,"pivot":{"x":-7.024631500244141,"y":1.1132289171218873,"z":-5.566387176513672},"rotation":{"x":0.028456229716539384,"y":-0.9590780735015869,"z":0.2617167830467224,"w":0.10427133738994599},"size":1.4253249168395997,"orthographic":false}