{"cameraMode":{"drawMode":0,"name":"Shaded","section":"Shading Mode"},"sceneLighting":true,"audioPlay":false,"sceneViewState":{"showFog":true,"showMaterialUpdate":false,"showSkybox":true,"showFlares":true,"showImageEffects":true,"showParticleSystems":true},"in2DMode":false,"pivot":{"x":1.0677380561828614,"y":0.25111913681030276,"z":3.8433260917663576},"rotation":{"x":0.151780366897583,"y":0.019270192831754686,"z":-0.0029757076408714058,"w":0.9882329702377319},"size":4.126916408538818,"orthographic":false}