{"cameraMode":{"drawMode":0,"name":"Shaded","section":"Shading Mode"},"sceneLighting":false,"audioPlay":false,"sceneViewState":{"showFog":true,"showMaterialUpdate":false,"showSkybox":false,"showFlares":true,"showImageEffects":true,"showParticleSystems":true},"in2DMode":false,"pivot":{"x":0.0,"y":0.5099999904632568,"z":4.53000020980835},"rotation":{"x":0.007223283406347036,"y":-0.9896427989006043,"z":0.13290782272815705,"w":0.053786616772413257},"size":2.3048861026763918,"orthographic":true}