{"cameraMode":{"drawMode":0,"name":"Shaded","section":"Shading Mode"},"sceneLighting":false,"audioPlay":false,"sceneViewState":{"showFog":true,"showMaterialUpdate":false,"showSkybox":false,"showFlares":true,"showImageEffects":true,"showParticleSystems":true},"in2DMode":false,"pivot":{"x":2.1639673709869386,"y":1.227014422416687,"z":-0.44233226776123049},"rotation":{"x":-0.2056766301393509,"y":-0.03757147118449211,"z":0.007902629673480988,"w":-0.9778682589530945},"size":0.7372816801071167,"orthographic":false}