{"cameraMode":{"drawMode":0,"name":"Shaded","section":"Shading Mode"},"sceneLighting":false,"audioPlay":false,"sceneViewState":{"showFog":true,"showMaterialUpdate":false,"showSkybox":false,"showFlares":true,"showImageEffects":true,"showParticleSystems":true},"in2DMode":false,"pivot":{"x":2.9896559715270998,"y":0.5713353753089905,"z":-0.2712821662425995},"rotation":{"x":-0.17039358615875245,"y":0.030144499614834787,"z":-0.005215016193687916,"w":-0.9849016070365906},"size":2.2474560737609865,"orthographic":false}