{"cameraMode":{"drawMode":0,"name":"Shaded","section":"Shading Mode"},"sceneLighting":false,"audioPlay":false,"sceneViewState":{"showFog":true,"showMaterialUpdate":false,"showSkybox":false,"showFlares":true,"showImageEffects":true,"showParticleSystems":true},"in2DMode":false,"pivot":{"x":0.683456540107727,"y":-0.9637371301651001,"z":6.149662971496582},"rotation":{"x":0.14422392845153809,"y":0.1199115440249443,"z":-0.017608320340514184,"w":0.982100784778595},"size":3.1325085163116457,"orthographic":false}