{"cameraMode":{"drawMode":0,"name":"Shaded","section":"Shading Mode"},"sceneLighting":false,"audioPlay":false,"sceneViewState":{"showFog":true,"showMaterialUpdate":false,"showSkybox":false,"showFlares":true,"showImageEffects":true,"showParticleSystems":true},"in2DMode":false,"pivot":{"x":2.332825183868408,"y":1.1324515342712403,"z":-3.2610232830047609},"rotation":{"x":-0.02552635967731476,"y":-0.5249195098876953,"z":-0.015752319246530534,"w":0.8506232500076294},"size":1.6411833763122559,"orthographic":false}