{"cameraMode":{"drawMode":0,"name":"Shaded","section":"Shading Mode"},"sceneLighting":false,"audioPlay":false,"sceneViewState":{"showFog":true,"showMaterialUpdate":false,"showSkybox":false,"showFlares":true,"showImageEffects":true,"showParticleSystems":true},"in2DMode":false,"pivot":{"x":-18.008676528930665,"y":6.152108669281006,"z":-39.76720428466797},"rotation":{"x":-0.17039358615875245,"y":0.030144499614834787,"z":-0.005215016193687916,"w":-0.9849016070365906},"size":2.141805410385132,"orthographic":false}