{"cameraMode":{"drawMode":0,"name":"Shaded","section":"Shading Mode"},"sceneLighting":true,"audioPlay":false,"sceneViewState":{"showFog":true,"showMaterialUpdate":false,"showSkybox":true,"showFlares":true,"showImageEffects":true,"showParticleSystems":true},"in2DMode":false,"pivot":{"x":3.2948033809661867,"y":-1.8191323280334473,"z":5.849313735961914},"rotation":{"x":-0.18816529214382173,"y":-0.12280511111021042,"z":0.023722609505057336,"w":-0.9741451144218445},"size":2.6995861530303957,"orthographic":false}