{"cameraMode":{"drawMode":0,"name":"Shaded","section":"Shading Mode"},"sceneLighting":true,"audioPlay":false,"sceneViewState":{"showFog":true,"showMaterialUpdate":false,"showSkybox":true,"showFlares":true,"showImageEffects":true,"showParticleSystems":true},"in2DMode":false,"pivot":{"x":0.0,"y":2.1599998474121095,"z":-0.5303354263305664},"rotation":{"x":0.05250895023345947,"y":-0.7680890560150147,"z":0.06351169943809509,"w":0.635033130645752},"size":2.6437199115753176,"orthographic":true}