{"cameraMode":{"drawMode":0,"name":"Shaded","section":"Shading Mode"},"sceneLighting":false,"audioPlay":false,"sceneViewState":{"showFog":true,"showMaterialUpdate":false,"showSkybox":false,"showFlares":true,"showImageEffects":true,"showParticleSystems":true},"in2DMode":false,"pivot":{"x":-55.138999938964847,"y":6.948078155517578,"z":-39.775428771972659},"rotation":{"x":-0.17039358615875245,"y":0.030144499614834787,"z":-0.005215016193687916,"w":-0.9849016070365906},"size":15.760912895202637,"orthographic":false}