{"cameraMode":{"drawMode":0,"name":"Shaded","section":"Shading Mode"},"sceneLighting":false,"audioPlay":false,"sceneViewState":{"showFog":true,"showMaterialUpdate":false,"showSkybox":false,"showFlares":true,"showImageEffects":true,"showParticleSystems":true},"in2DMode":false,"pivot":{"x":0.3237435221672058,"y":0.7386748194694519,"z":-1.390188455581665},"rotation":{"x":-0.18373195827007295,"y":-0.01710578240454197,"z":0.0031979652121663095,"w":-0.9828224182128906},"size":0.9919371604919434,"orthographic":false}