{"cameraMode":{"drawMode":0,"name":"Shaded","section":"Shading Mode"},"sceneLighting":false,"audioPlay":false,"sceneViewState":{"showFog":true,"showMaterialUpdate":false,"showSkybox":false,"showFlares":true,"showImageEffects":true,"showParticleSystems":true},"in2DMode":false,"pivot":{"x":1.985978603363037,"y":0.7989431619644165,"z":-0.7082511782646179},"rotation":{"x":-0.10057741403579712,"y":0.03491170331835747,"z":-0.003531268099322915,"w":-0.9943107962608337},"size":2.2692666053771974,"orthographic":false}