{"cameraMode":{"drawMode":0,"name":"Shaded","section":"Shading Mode"},"sceneLighting":false,"audioPlay":false,"sceneViewState":{"showFog":true,"showMaterialUpdate":false,"showSkybox":false,"showFlares":true,"showImageEffects":true,"showParticleSystems":true},"in2DMode":false,"pivot":{"x":3.34991455078125,"y":-1.510034203529358,"z":-2.166555643081665},"rotation":{"x":-0.10057741403579712,"y":0.03491170331835747,"z":-0.003531268099322915,"w":-0.9943107962608337},"size":11.116284370422364,"orthographic":false}