{"cameraMode":{"drawMode":0,"name":"Shaded","section":"Shading Mode"},"sceneLighting":false,"audioPlay":false,"sceneViewState":{"showFog":true,"showMaterialUpdate":false,"showSkybox":false,"showFlares":true,"showImageEffects":true,"showParticleSystems":true},"in2DMode":false,"pivot":{"x":2.8083791732788088,"y":-4.353633880615234,"z":-4.1173834800720219},"rotation":{"x":-0.17039358615875245,"y":0.030144499614834787,"z":-0.005215016193687916,"w":-0.9849016070365906},"size":1.9668376445770264,"orthographic":false}