{"cameraMode":{"drawMode":0,"name":"Shaded","section":"Shading Mode"},"sceneLighting":false,"audioPlay":false,"sceneViewState":{"showFog":true,"showMaterialUpdate":false,"showSkybox":false,"showFlares":true,"showImageEffects":true,"showParticleSystems":true},"in2DMode":false,"pivot":{"x":1.6476216316223145,"y":0.4494534730911255,"z":-4.7994279861450199},"rotation":{"x":0.11840534955263138,"y":-0.14629989862442017,"z":0.017640791833400728,"w":0.9819704294204712},"size":2.5947682857513429,"orthographic":false}