{"cameraMode":{"drawMode":0,"name":"Shaded","section":"Shading Mode"},"sceneLighting":false,"audioPlay":false,"sceneViewState":{"showFog":true,"showMaterialUpdate":false,"showSkybox":false,"showFlares":true,"showImageEffects":true,"showParticleSystems":true},"in2DMode":false,"pivot":{"x":3.2959227561950685,"y":0.5259324908256531,"z":-0.31328216195106509},"rotation":{"x":-0.2361813485622406,"y":0.1914834976196289,"z":-0.047530874609947208,"w":-0.9514707326889038},"size":0.9714142680168152,"orthographic":false}