{"cameraMode":{"drawMode":0,"name":"Shaded","section":"Shading Mode"},"sceneLighting":false,"audioPlay":false,"sceneViewState":{"showFog":true,"showMaterialUpdate":false,"showSkybox":false,"showFlares":true,"showImageEffects":true,"showParticleSystems":true},"in2DMode":false,"pivot":{"x":3.299999952316284,"y":-3.6700000762939455,"z":10.0},"rotation":{"x":-0.014822112396359444,"y":0.9828627109527588,"z":-0.1594308465719223,"w":-0.09137260913848877},"size":7.8824872970581059,"orthographic":false}