{"cameraMode":{"drawMode":0,"name":"Shaded","section":"Shading Mode"},"sceneLighting":false,"audioPlay":false,"sceneViewState":{"showFog":true,"showMaterialUpdate":false,"showSkybox":false,"showFlares":true,"showImageEffects":true,"showParticleSystems":true},"in2DMode":false,"pivot":{"x":2.9919729232788088,"y":-4.366817474365234,"z":-4.1715826988220219},"rotation":{"x":-0.164554163813591,"y":-0.006808845791965723,"z":0.0011360880453139544,"w":-0.9863442182540894},"size":1.0668377876281739,"orthographic":false}