{"cameraMode":{"drawMode":0,"name":"Shaded","section":"Shading Mode"},"sceneLighting":true,"audioPlay":false,"sceneViewState":{"showFog":true,"showMaterialUpdate":false,"showSkybox":true,"showFlares":true,"showImageEffects":true,"showParticleSystems":true},"in2DMode":false,"pivot":{"x":1.3358585834503174,"y":0.3387937545776367,"z":0.3311285674571991},"rotation":{"x":-0.08406415581703186,"y":-0.8609974980354309,"z":0.1513444185256958,"w":-0.4782427251338959},"size":2.0915274620056154,"orthographic":true}