{"cameraMode":{"drawMode":0,"name":"Shaded","section":"Shading Mode"},"sceneLighting":false,"audioPlay":false,"sceneViewState":{"showFog":true,"showMaterialUpdate":false,"showSkybox":false,"showFlares":true,"showImageEffects":true,"showParticleSystems":true},"in2DMode":false,"pivot":{"x":-5.435971260070801,"y":-4.756100177764893,"z":10.514841079711914},"rotation":{"x":-0.00376945361495018,"y":0.9934195280075073,"z":-0.10921625047922135,"w":-0.034286580979824069},"size":10.0,"orthographic":false}