{"cameraMode":{"drawMode":0,"name":"Shaded","section":"Shading Mode"},"sceneLighting":false,"audioPlay":false,"sceneViewState":{"showFog":true,"showMaterialUpdate":false,"showSkybox":false,"showFlares":true,"showImageEffects":true,"showParticleSystems":true},"in2DMode":false,"pivot":{"x":3.0482473373413088,"y":-4.311641693115234,"z":-4.2514166831970219},"rotation":{"x":-0.17039358615875245,"y":0.030144499614834787,"z":-0.005215016193687916,"w":-0.9849016070365906},"size":1.366837739944458,"orthographic":false}